,Chademo_total,Chademo_available,Chademo_occupied,Chademo_reserved,Chademo_unknown,Chademo_out_of_service,IEC62196Type2CCS_total,IEC62196Type2CCS_available,IEC62196Type2CCS_occupied,IEC62196Type2CCS_reserved,IEC62196Type2CCS_unknown,IEC62196Type2CCS_out_of_service,Total_total,Total_available,Total_occupied,Total_reserved,Total_unknown,Total_out_of_service,chargingAvailability,IEC62196Type2CableAttached_total,IEC62196Type2CableAttached_available,IEC62196Type2CableAttached_occupied,IEC62196Type2CableAttached_reserved,IEC62196Type2CableAttached_unknown,IEC62196Type2CableAttached_out_of_service,IEC62196Type2Outlet_total,IEC62196Type2Outlet_available,IEC62196Type2Outlet_occupied,IEC62196Type2Outlet_reserved,IEC62196Type2Outlet_unknown,IEC62196Type2Outlet_out_of_service,IEC62196Type1CCS_total,IEC62196Type1CCS_available,IEC62196Type1CCS_occupied,IEC62196Type1CCS_reserved,IEC62196Type1CCS_unknown,IEC62196Type1CCS_out_of_service
0,2.0,1.0,1.0,0.0,0.0,0.0,4.0,3.0,1.0,0.0,0.0,0.0,6,4,2,0,0,0,528009010070455,,,,,,,,,,,,,,,,,,
1,1.0,1.0,0.0,0.0,0.0,0.0,1.0,1.0,0.0,0.0,0.0,0.0,2,2,0,0,0,0,528009010056119,,,,,,,,,,,,,,,,,,
2,1.0,1.0,0.0,0.0,0.0,0.0,1.0,1.0,0.0,0.0,0.0,0.0,3,3,0,0,0,0,528009009095094,1.0,1.0,0.0,0.0,0.0,0.0,,,,,,,,,,,,
3,,,,,,,5.0,4.0,0.0,0.0,1.0,0.0,5,4,0,0,1,0,528009010072403,,,,,,,,,,,,,,,,,,
4,1.0,0.0,1.0,0.0,0.0,0.0,1.0,0.0,1.0,0.0,0.0,0.0,3,1,2,0,0,0,528009009073612,1.0,1.0,0.0,0.0,0.0,0.0,,,,,,,,,,,,
5,3.0,1.0,0.0,0.0,2.0,0.0,2.0,1.0,0.0,0.0,1.0,0.0,5,2,0,0,3,0,528009010112505,,,,,,,,,,,,,,,,,,
6,1.0,0.0,0.0,0.0,0.0,1.0,1.0,0.0,0.0,0.0,0.0,1.0,2,0,0,0,0,2,528009010055557,,,,,,,,,,,,,,,,,,
7,2.0,1.0,0.0,0.0,1.0,0.0,4.0,2.0,1.0,0.0,1.0,0.0,6,3,1,0,2,0,528009009083633,,,,,,,,,,,,,,,,,,
8,1.0,0.0,0.0,0.0,1.0,0.0,3.0,2.0,0.0,0.0,1.0,0.0,4,2,0,0,2,0,528009010056078,,,,,,,,,,,,,,,,,,
9,1.0,1.0,0.0,0.0,0.0,0.0,1.0,0.0,1.0,0.0,0.0,0.0,3,1,1,0,1,0,528009010043239,1.0,0.0,0.0,0.0,1.0,0.0,,,,,,,,,,,,
10,,,,,,,1.0,1.0,0.0,0.0,0.0,0.0,1,1,0,0,0,0,528009010104154,,,,,,,,,,,,,,,,,,
11,1.0,1.0,0.0,0.0,0.0,0.0,1.0,0.0,1.0,0.0,0.0,0.0,2,1,1,0,0,0,528009010057386,,,,,,,,,,,,,,,,,,
12,1.0,1.0,0.0,0.0,0.0,0.0,1.0,1.0,0.0,0.0,0.0,0.0,2,2,0,0,0,0,528009009101643,,,,,,,,,,,,,,,,,,
13,1.0,1.0,0.0,0.0,0.0,0.0,1.0,1.0,0.0,0.0,0.0,0.0,2,2,0,0,0,0,528009010064276,,,,,,,,,,,,,,,,,,
14,2.0,2.0,0.0,0.0,0.0,0.0,2.0,2.0,0.0,0.0,0.0,0.0,4,4,0,0,0,0,528009010107118,,,,,,,,,,,,,,,,,,
15,1.0,1.0,0.0,0.0,0.0,0.0,1.0,1.0,0.0,0.0,0.0,0.0,2,2,0,0,0,0,528009010103796,,,,,,,,,,,,,,,,,,
16,2.0,1.0,1.0,0.0,0.0,0.0,2.0,1.0,1.0,0.0,0.0,0.0,6,3,3,0,0,0,528009010104267,2.0,1.0,1.0,0.0,0.0,0.0,,,,,,,,,,,,
17,2.0,2.0,0.0,0.0,0.0,0.0,2.0,2.0,0.0,0.0,0.0,0.0,4,4,0,0,0,0,528009010108681,,,,,,,,,,,,,,,,,,
18,1.0,1.0,0.0,0.0,0.0,0.0,1.0,1.0,0.0,0.0,0.0,0.0,3,3,0,0,0,0,528009009095235,1.0,1.0,0.0,0.0,0.0,0.0,,,,,,,,,,,,
19,2.0,0.0,0.0,0.0,2.0,0.0,2.0,0.0,0.0,0.0,2.0,0.0,4,0,0,0,4,0,528009010111308,,,,,,,,,,,,,,,,,,
20,1.0,1.0,0.0,0.0,0.0,0.0,1.0,1.0,0.0,0.0,0.0,0.0,2,2,0,0,0,0,528009002428653,,,,,,,,,,,,,,,,,,
21,1.0,1.0,0.0,0.0,0.0,0.0,1.0,1.0,0.0,0.0,0.0,0.0,3,2,0,0,1,0,528009010104770,1.0,0.0,0.0,0.0,1.0,0.0,,,,,,,,,,,,
22,,,,,,,,,,,,,2,2,0,0,0,0,528009010072432,,,,,,,2.0,2.0,0.0,0.0,0.0,0.0,,,,,,
23,1.0,1.0,0.0,0.0,0.0,0.0,1.0,1.0,0.0,0.0,0.0,0.0,2,2,0,0,0,0,528009010068457,,,,,,,,,,,,,,,,,,
24,2.0,0.0,0.0,0.0,2.0,0.0,2.0,0.0,0.0,0.0,2.0,0.0,6,0,0,0,6,0,528009009094555,2.0,0.0,0.0,0.0,2.0,0.0,,,,,,,,,,,,
25,2.0,2.0,0.0,0.0,0.0,0.0,4.0,4.0,0.0,0.0,0.0,0.0,6,6,0,0,0,0,528009010111862,,,,,,,,,,,,,,,,,,
26,8.0,8.0,0.0,0.0,0.0,0.0,8.0,8.0,0.0,0.0,0.0,0.0,16,16,0,0,0,0,528009010108949,,,,,,,,,,,,,,,,,,
27,,,,,,,1.0,1.0,0.0,0.0,0.0,0.0,1,1,0,0,0,0,528009010055668,,,,,,,,,,,,,,,,,,
28,3.0,0.0,1.0,0.0,2.0,0.0,6.0,3.0,1.0,0.0,2.0,0.0,11,3,2,0,6,0,528009010106710,2.0,0.0,0.0,0.0,2.0,0.0,,,,,,,,,,,,
29,1.0,1.0,0.0,0.0,0.0,0.0,8.0,7.0,1.0,0.0,0.0,0.0,9,8,1,0,0,0,528009010112033,,,,,,,,,,,,,,,,,,
30,1.0,1.0,0.0,0.0,0.0,0.0,1.0,1.0,0.0,0.0,0.0,0.0,3,2,0,0,1,0,528009010044927,1.0,0.0,0.0,0.0,1.0,0.0,,,,,,,,,,,,
31,,,,,,,2.0,2.0,0.0,0.0,0.0,0.0,2,2,0,0,0,0,528009010068285,,,,,,,,,,,,,,,,,,
32,4.0,4.0,0.0,0.0,0.0,0.0,4.0,4.0,0.0,0.0,0.0,0.0,8,8,0,0,0,0,528009010105759,,,,,,,,,,,,,,,,,,
33,1.0,1.0,0.0,0.0,0.0,0.0,1.0,0.0,1.0,0.0,0.0,0.0,3,1,1,0,1,0,528009010044283,1.0,0.0,0.0,0.0,1.0,0.0,,,,,,,,,,,,
34,2.0,2.0,0.0,0.0,0.0,0.0,2.0,2.0,0.0,0.0,0.0,0.0,4,4,0,0,0,0,528009010106188,,,,,,,,,,,,,,,,,,
35,4.0,4.0,0.0,0.0,0.0,0.0,4.0,4.0,0.0,0.0,0.0,0.0,8,8,0,0,0,0,528009010112061,,,,,,,,,,,,,,,,,,
36,1.0,1.0,0.0,0.0,0.0,0.0,,,,,,,1,1,0,0,0,0,528009010042575,,,,,,,,,,,,,,,,,,
37,1.0,0.0,0.0,0.0,1.0,0.0,8.0,5.0,1.0,0.0,2.0,0.0,9,5,1,0,3,0,528009010105588,,,,,,,,,,,,,,,,,,
38,2.0,2.0,0.0,0.0,0.0,0.0,4.0,4.0,0.0,0.0,0.0,0.0,6,6,0,0,0,0,528009010068827,,,,,,,,,,,,,,,,,,
39,2.0,2.0,0.0,0.0,0.0,0.0,2.0,2.0,0.0,0.0,0.0,0.0,4,4,0,0,0,0,528009010108332,,,,,,,,,,,,,,,,,,
40,1.0,1.0,0.0,0.0,0.0,0.0,8.0,8.0,0.0,0.0,0.0,0.0,9,9,0,0,0,0,528009010112247,,,,,,,,,,,,,,,,,,
41,1.0,1.0,0.0,0.0,0.0,0.0,1.0,1.0,0.0,0.0,0.0,0.0,3,2,0,0,1,0,528009010046018,1.0,0.0,0.0,0.0,1.0,0.0,,,,,,,,,,,,
42,4.0,4.0,0.0,0.0,0.0,0.0,4.0,4.0,0.0,0.0,0.0,0.0,8,8,0,0,0,0,528009010104699,,,,,,,,,,,,,,,,,,
43,3.0,2.0,0.0,0.0,1.0,0.0,6.0,5.0,0.0,0.0,1.0,0.0,9,7,0,0,2,0,528009009086385,,,,,,,,,,,,,,,,,,
44,2.0,1.0,1.0,0.0,0.0,0.0,3.0,2.0,1.0,0.0,0.0,0.0,6,4,2,0,0,0,528009009085226,1.0,1.0,0.0,0.0,0.0,0.0,,,,,,,,,,,,
45,2.0,1.0,0.0,0.0,1.0,0.0,4.0,2.0,1.0,0.0,1.0,0.0,6,3,1,0,2,0,528009010108003,,,,,,,,,,,,,,,,,,
46,,,,,,,1.0,1.0,0.0,0.0,0.0,0.0,1,1,0,0,0,0,528009010074928,,,,,,,,,,,,,,,,,,
47,4.0,1.0,1.0,0.0,2.0,0.0,8.0,3.0,3.0,0.0,2.0,0.0,12,4,4,0,4,0,528009009088773,,,,,,,,,,,,,,,,,,
48,1.0,1.0,0.0,0.0,0.0,0.0,4.0,4.0,0.0,0.0,0.0,0.0,5,5,0,0,0,0,528009010067223,,,,,,,,,,,,,,,,,,
49,1.0,0.0,0.0,0.0,1.0,0.0,4.0,2.0,0.0,0.0,2.0,0.0,5,2,0,0,3,0,528009009085940,,,,,,,,,,,,,,,,,,
50,,,,,,,6.0,5.0,1.0,0.0,0.0,0.0,6,5,1,0,0,0,528009009107360,,,,,,,,,,,,,,,,,,
51,1.0,0.0,0.0,0.0,1.0,0.0,1.0,0.0,0.0,0.0,1.0,0.0,2,0,0,0,2,0,528009010067430,,,,,,,,,,,,,,,,,,
52,,,,,,,2.0,1.0,1.0,0.0,0.0,0.0,2,1,1,0,0,0,528009010040550,,,,,,,,,,,,,,,,,,
53,1.0,1.0,0.0,0.0,0.0,0.0,1.0,1.0,0.0,0.0,0.0,0.0,2,2,0,0,0,0,528009010071232,,,,,,,,,,,,,,,,,,
54,5.0,0.0,0.0,0.0,5.0,0.0,4.0,0.0,0.0,0.0,4.0,0.0,9,0,0,0,9,0,528009010107347,,,,,,,,,,,,,,,,,,
55,6.0,6.0,0.0,0.0,0.0,0.0,6.0,6.0,0.0,0.0,0.0,0.0,12,12,0,0,0,0,528009010104373,,,,,,,,,,,,,,,,,,
56,,,,,,,1.0,1.0,0.0,0.0,0.0,0.0,1,1,0,0,0,0,528009010104136,,,,,,,,,,,,,,,,,,
57,2.0,2.0,0.0,0.0,0.0,0.0,2.0,2.0,0.0,0.0,0.0,0.0,4,4,0,0,0,0,528009010110219,,,,,,,,,,,,,,,,,,
58,1.0,1.0,0.0,0.0,0.0,0.0,1.0,1.0,0.0,0.0,0.0,0.0,3,3,0,0,0,0,528009009107800,1.0,1.0,0.0,0.0,0.0,0.0,,,,,,,,,,,,
59,8.0,8.0,0.0,0.0,0.0,0.0,8.0,8.0,0.0,0.0,0.0,0.0,16,16,0,0,0,0,528009010112488,,,,,,,,,,,,,,,,,,
60,2.0,0.0,0.0,0.0,2.0,0.0,2.0,0.0,0.0,0.0,2.0,0.0,4,0,0,0,4,0,528009010110049,,,,,,,,,,,,,,,,,,
61,4.0,4.0,0.0,0.0,0.0,0.0,5.0,4.0,0.0,0.0,1.0,0.0,9,8,0,0,1,0,528009010110250,,,,,,,,,,,,,,,,,,
62,2.0,2.0,0.0,0.0,0.0,0.0,4.0,4.0,0.0,0.0,0.0,0.0,6,6,0,0,0,0,528009010056387,,,,,,,,,,,,,,,,,,
63,2.0,1.0,1.0,0.0,0.0,0.0,4.0,2.0,2.0,0.0,0.0,0.0,6,3,3,0,0,0,528009010111171,,,,,,,,,,,,,,,,,,
64,2.0,1.0,1.0,0.0,0.0,0.0,4.0,3.0,1.0,0.0,0.0,0.0,6,4,2,0,0,0,528009010110502,,,,,,,,,,,,,,,,,,
65,1.0,0.0,0.0,0.0,0.0,1.0,1.0,0.0,0.0,0.0,0.0,1.0,3,0,0,0,1,2,528009010109229,1.0,0.0,0.0,0.0,1.0,0.0,,,,,,,,,,,,
66,1.0,1.0,0.0,0.0,0.0,0.0,1.0,1.0,0.0,0.0,0.0,0.0,3,2,0,0,1,0,528009010106256,1.0,0.0,0.0,0.0,1.0,0.0,,,,,,,,,,,,
67,1.0,1.0,0.0,0.0,0.0,0.0,2.0,2.0,0.0,0.0,0.0,0.0,3,3,0,0,0,0,528009010104409,,,,,,,,,,,,,,,,,,
68,,,,,,,2.0,1.0,1.0,0.0,0.0,0.0,2,1,1,0,0,0,528009010072535,,,,,,,,,,,,,,,,,,
69,,,,,,,,,,,,,6,0,0,0,0,6,528009009081465,,,,,,,6.0,0.0,0.0,0.0,0.0,6.0,,,,,,
70,2.0,2.0,0.0,0.0,0.0,0.0,2.0,2.0,0.0,0.0,0.0,0.0,4,4,0,0,0,0,528008000031311,,,,,,,,,,,,,,,,,,
71,,,,,,,4.0,4.0,0.0,0.0,0.0,0.0,4,4,0,0,0,0,528009010108797,,,,,,,,,,,,,,,,,,
72,,,,,,,1.0,0.0,1.0,0.0,0.0,0.0,2,0,2,0,0,0,528009010107770,,,,,,,,,,,,,1.0,0.0,1.0,0.0,0.0,0.0
73,2.0,0.0,0.0,0.0,2.0,0.0,4.0,0.0,0.0,0.0,4.0,0.0,6,0,0,0,6,0,528009010108866,,,,,,,,,,,,,,,,,,
74,,,,,,,4.0,4.0,0.0,0.0,0.0,0.0,4,4,0,0,0,0,528009010047629,,,,,,,,,,,,,,,,,,
75,1.0,1.0,0.0,0.0,0.0,0.0,1.0,1.0,0.0,0.0,0.0,0.0,2,2,0,0,0,0,528009009087337,,,,,,,,,,,,,,,,,,
76,1.0,1.0,0.0,0.0,0.0,0.0,1.0,1.0,0.0,0.0,0.0,0.0,3,2,0,0,1,0,528009010055155,1.0,0.0,0.0,0.0,1.0,0.0,,,,,,,,,,,,
77,4.0,0.0,0.0,0.0,4.0,0.0,4.0,0.0,0.0,0.0,4.0,0.0,8,0,0,0,8,0,528009010107328,,,,,,,,,,,,,,,,,,
78,3.0,2.0,1.0,0.0,0.0,0.0,8.0,5.0,3.0,0.0,0.0,0.0,11,7,4,0,0,0,528009010108937,,,,,,,,,,,,,,,,,,
79,1.0,1.0,0.0,0.0,0.0,0.0,4.0,2.0,2.0,0.0,0.0,0.0,5,3,2,0,0,0,528009010109465,,,,,,,,,,,,,,,,,,
80,8.0,8.0,0.0,0.0,0.0,0.0,8.0,8.0,0.0,0.0,0.0,0.0,16,16,0,0,0,0,528009010103968,,,,,,,,,,,,,,,,,,
81,1.0,1.0,0.0,0.0,0.0,0.0,1.0,1.0,0.0,0.0,0.0,0.0,2,2,0,0,0,0,528009010112444,,,,,,,,,,,,,,,,,,
82,1.0,1.0,0.0,0.0,0.0,0.0,2.0,2.0,0.0,0.0,0.0,0.0,3,3,0,0,0,0,528009010104975,,,,,,,,,,,,,,,,,,
83,4.0,4.0,0.0,0.0,0.0,0.0,4.0,4.0,0.0,0.0,0.0,0.0,8,8,0,0,0,0,528009010112837,,,,,,,,,,,,,,,,,,
84,1.0,0.0,1.0,0.0,0.0,0.0,4.0,3.0,1.0,0.0,0.0,0.0,5,3,2,0,0,0,528009010106598,,,,,,,,,,,,,,,,,,
85,1.0,1.0,0.0,0.0,0.0,0.0,1.0,1.0,0.0,0.0,0.0,0.0,3,2,0,0,1,0,528009010056505,1.0,0.0,0.0,0.0,1.0,0.0,,,,,,,,,,,,
86,1.0,1.0,0.0,0.0,0.0,0.0,2.0,2.0,0.0,0.0,0.0,0.0,3,3,0,0,0,0,528009010108893,,,,,,,,,,,,,,,,,,
87,,,,,,,1.0,1.0,0.0,0.0,0.0,0.0,1,1,0,0,0,0,528009010105251,,,,,,,,,,,,,,,,,,
88,1.0,0.0,0.0,0.0,1.0,0.0,1.0,0.0,0.0,0.0,1.0,0.0,3,0,0,0,3,0,528009009084916,1.0,0.0,0.0,0.0,1.0,0.0,,,,,,,,,,,,
89,1.0,1.0,0.0,0.0,0.0,0.0,1.0,0.0,1.0,0.0,0.0,0.0,3,1,1,0,1,0,528009010107844,1.0,0.0,0.0,0.0,1.0,0.0,,,,,,,,,,,,
90,1.0,1.0,0.0,0.0,0.0,0.0,5.0,5.0,0.0,0.0,0.0,0.0,7,6,0,0,0,1,528009009095881,1.0,0.0,0.0,0.0,0.0,1.0,,,,,,,,,,,,
91,1.0,1.0,0.0,0.0,0.0,0.0,1.0,1.0,0.0,0.0,0.0,0.0,3,2,0,0,1,0,528009010048455,1.0,0.0,0.0,0.0,1.0,0.0,,,,,,,,,,,,
92,1.0,1.0,0.0,0.0,0.0,0.0,1.0,1.0,0.0,0.0,0.0,0.0,3,2,0,0,1,0,528009010057817,1.0,0.0,0.0,0.0,1.0,0.0,,,,,,,,,,,,
93,,,,,,,4.0,4.0,0.0,0.0,0.0,0.0,4,4,0,0,0,0,528009010066350,,,,,,,,,,,,,,,,,,
94,2.0,1.0,1.0,0.0,0.0,0.0,6.0,4.0,2.0,0.0,0.0,0.0,8,5,3,0,0,0,528009010112288,,,,,,,,,,,,,,,,,,
95,2.0,2.0,0.0,0.0,0.0,0.0,4.0,4.0,0.0,0.0,0.0,0.0,6,6,0,0,0,0,528009010111753,,,,,,,,,,,,,,,,,,
96,4.0,0.0,0.0,0.0,4.0,0.0,4.0,0.0,0.0,0.0,4.0,0.0,8,0,0,0,8,0,528009010106742,,,,,,,,,,,,,,,,,,
97,1.0,0.0,1.0,0.0,0.0,0.0,1.0,0.0,1.0,0.0,0.0,0.0,3,1,2,0,0,0,528008000016012,1.0,1.0,0.0,0.0,0.0,0.0,,,,,,,,,,,,
98,,,,,,,1.0,0.0,0.0,0.0,1.0,0.0,1,0,0,0,1,0,528009010067615,,,,,,,,,,,,,,,,,,
99,2.0,2.0,0.0,0.0,0.0,0.0,2.0,2.0,0.0,0.0,0.0,0.0,6,6,0,0,0,0,528009010071350,2.0,2.0,0.0,0.0,0.0,0.0,,,,,,,,,,,,
100,,,,,,,,,,,,,1,0,0,0,1,0,528009010051554,1.0,0.0,0.0,0.0,1.0,0.0,,,,,,,,,,,,
101,6.0,6.0,0.0,0.0,0.0,0.0,6.0,6.0,0.0,0.0,0.0,0.0,12,12,0,0,0,0,528009010109523,,,,,,,,,,,,,,,,,,
102,1.0,1.0,0.0,0.0,0.0,0.0,1.0,1.0,0.0,0.0,0.0,0.0,3,2,0,0,1,0,528009010066655,1.0,0.0,0.0,0.0,1.0,0.0,,,,,,,,,,,,
103,2.0,0.0,0.0,0.0,2.0,0.0,2.0,0.0,0.0,0.0,2.0,0.0,4,0,0,0,4,0,528009010105918,,,,,,,,,,,,,,,,,,
104,2.0,1.0,1.0,0.0,0.0,0.0,5.0,3.0,2.0,0.0,0.0,0.0,7,4,3,0,0,0,528009010106890,,,,,,,,,,,,,,,,,,
105,2.0,1.0,1.0,0.0,0.0,0.0,4.0,1.0,3.0,0.0,0.0,0.0,6,2,4,0,0,0,528009010109671,,,,,,,,,,,,,,,,,,
106,1.0,1.0,0.0,0.0,0.0,0.0,1.0,1.0,0.0,0.0,0.0,0.0,3,3,0,0,0,0,528009002415141,1.0,1.0,0.0,0.0,0.0,0.0,,,,,,,,,,,,
107,1.0,1.0,0.0,0.0,0.0,0.0,1.0,1.0,0.0,0.0,0.0,0.0,3,3,0,0,0,0,528008000012596,1.0,1.0,0.0,0.0,0.0,0.0,,,,,,,,,,,,
108,1.0,1.0,0.0,0.0,0.0,0.0,1.0,1.0,0.0,0.0,0.0,0.0,3,2,0,0,1,0,528009010107142,1.0,0.0,0.0,0.0,1.0,0.0,,,,,,,,,,,,
109,3.0,3.0,0.0,0.0,0.0,0.0,3.0,3.0,0.0,0.0,0.0,0.0,8,8,0,0,0,0,528009009072917,2.0,2.0,0.0,0.0,0.0,0.0,,,,,,,,,,,,
110,,,,,,,4.0,3.0,1.0,0.0,0.0,0.0,4,3,1,0,0,0,528009010072472,,,,,,,,,,,,,,,,,,
111,1.0,0.0,1.0,0.0,0.0,0.0,2.0,1.0,1.0,0.0,0.0,0.0,3,1,2,0,0,0,528009010103780,,,,,,,,,,,,,,,,,,
112,1.0,0.0,1.0,0.0,0.0,0.0,1.0,1.0,0.0,0.0,0.0,0.0,3,1,1,0,1,0,528009010055282,1.0,0.0,0.0,0.0,1.0,0.0,,,,,,,,,,,,
113,1.0,1.0,0.0,0.0,0.0,0.0,1.0,1.0,0.0,0.0,0.0,0.0,3,2,0,0,1,0,528009010070235,1.0,0.0,0.0,0.0,1.0,0.0,,,,,,,,,,,,
114,,,,,,,2.0,1.0,1.0,0.0,0.0,0.0,2,1,1,0,0,0,528009009082315,,,,,,,,,,,,,,,,,,
115,2.0,2.0,0.0,0.0,0.0,0.0,2.0,2.0,0.0,0.0,0.0,0.0,5,4,0,0,1,0,528009009073507,1.0,0.0,0.0,0.0,1.0,0.0,,,,,,,,,,,,
116,2.0,1.0,0.0,0.0,0.0,1.0,2.0,1.0,0.0,0.0,0.0,1.0,4,2,0,0,0,2,528009010056697,,,,,,,,,,,,,,,,,,
117,1.0,1.0,0.0,0.0,0.0,0.0,1.0,1.0,0.0,0.0,0.0,0.0,3,2,0,0,0,1,528009009073381,1.0,0.0,0.0,0.0,0.0,1.0,,,,,,,,,,,,
118,3.0,0.0,0.0,0.0,3.0,0.0,3.0,0.0,0.0,0.0,3.0,0.0,6,0,0,0,6,0,528009010110910,,,,,,,,,,,,,,,,,,
119,2.0,2.0,0.0,0.0,0.0,0.0,6.0,3.0,3.0,0.0,0.0,0.0,8,5,3,0,0,0,528009002567840,,,,,,,,,,,,,,,,,,
120,,,,,,,,,,,,,2,0,0,0,2,0,528009010069869,2.0,0.0,0.0,0.0,2.0,0.0,,,,,,,,,,,,
121,4.0,4.0,0.0,0.0,0.0,0.0,4.0,4.0,0.0,0.0,0.0,0.0,8,8,0,0,0,0,528009010109139,,,,,,,,,,,,,,,,,,
122,,,,,,,1.0,0.0,0.0,0.0,1.0,0.0,1,0,0,0,1,0,528009009091731,,,,,,,,,,,,,,,,,,
123,3.0,3.0,0.0,0.0,0.0,0.0,3.0,3.0,0.0,0.0,0.0,0.0,6,6,0,0,0,0,528009010108828,,,,,,,,,,,,,,,,,,
124,1.0,0.0,1.0,0.0,0.0,0.0,2.0,0.0,2.0,0.0,0.0,0.0,3,0,3,0,0,0,528009010105758,,,,,,,,,,,,,,,,,,
125,2.0,0.0,0.0,0.0,2.0,0.0,2.0,0.0,0.0,0.0,2.0,0.0,4,0,0,0,4,0,528009010107880,,,,,,,,,,,,,,,,,,
126,2.0,1.0,1.0,0.0,0.0,0.0,2.0,1.0,1.0,0.0,0.0,0.0,6,4,2,0,0,0,528009009075853,2.0,2.0,0.0,0.0,0.0,0.0,,,,,,,,,,,,
127,2.0,0.0,2.0,0.0,0.0,0.0,4.0,1.0,3.0,0.0,0.0,0.0,6,1,5,0,0,0,528009010104866,,,,,,,,,,,,,,,,,,
128,2.0,2.0,0.0,0.0,0.0,0.0,4.0,3.0,1.0,0.0,0.0,0.0,6,5,1,0,0,0,528009010107006,,,,,,,,,,,,,,,,,,
129,4.0,0.0,0.0,0.0,4.0,0.0,4.0,0.0,0.0,0.0,4.0,0.0,8,0,0,0,8,0,528009010112134,,,,,,,,,,,,,,,,,,
130,1.0,1.0,0.0,0.0,0.0,0.0,1.0,1.0,0.0,0.0,0.0,0.0,3,2,0,0,1,0,528009010041770,1.0,0.0,0.0,0.0,1.0,0.0,,,,,,,,,,,,
131,2.0,2.0,0.0,0.0,0.0,0.0,3.0,3.0,0.0,0.0,0.0,0.0,5,5,0,0,0,0,528009010106132,,,,,,,,,,,,,,,,,,
132,1.0,1.0,0.0,0.0,0.0,0.0,1.0,1.0,0.0,0.0,0.0,0.0,2,2,0,0,0,0,528009010110059,,,,,,,,,,,,,,,,,,
133,1.0,0.0,0.0,0.0,1.0,0.0,1.0,0.0,0.0,0.0,1.0,0.0,2,0,0,0,2,0,528009010065071,,,,,,,,,,,,,,,,,,
134,8.0,8.0,0.0,0.0,0.0,0.0,8.0,8.0,0.0,0.0,0.0,0.0,16,16,0,0,0,0,528009010108360,,,,,,,,,,,,,,,,,,
135,2.0,2.0,0.0,0.0,0.0,0.0,2.0,0.0,2.0,0.0,0.0,0.0,4,2,2,0,0,0,528009009105250,,,,,,,,,,,,,,,,,,
136,1.0,1.0,0.0,0.0,0.0,0.0,1.0,1.0,0.0,0.0,0.0,0.0,3,2,0,0,1,0,528009010043415,1.0,0.0,0.0,0.0,1.0,0.0,,,,,,,,,,,,
137,1.0,1.0,0.0,0.0,0.0,0.0,6.0,6.0,0.0,0.0,0.0,0.0,8,8,0,0,0,0,528009010110893,1.0,1.0,0.0,0.0,0.0,0.0,,,,,,,,,,,,
138,6.0,4.0,2.0,0.0,0.0,0.0,6.0,4.0,2.0,0.0,0.0,0.0,12,8,4,0,0,0,528009009096441,,,,,,,,,,,,,,,,,,
139,2.0,2.0,0.0,0.0,0.0,0.0,2.0,2.0,0.0,0.0,0.0,0.0,4,4,0,0,0,0,528009010111509,,,,,,,,,,,,,,,,,,
140,,,,,,,4.0,0.0,0.0,0.0,4.0,0.0,4,0,0,0,4,0,528009010046617,,,,,,,,,,,,,,,,,,
141,,,,,,,4.0,4.0,0.0,0.0,0.0,0.0,4,4,0,0,0,0,528009010107736,,,,,,,,,,,,,,,,,,
142,3.0,2.0,0.0,0.0,1.0,0.0,6.0,5.0,0.0,0.0,1.0,0.0,10,8,0,0,2,0,528009010110907,1.0,1.0,0.0,0.0,0.0,0.0,,,,,,,,,,,,
143,3.0,3.0,0.0,0.0,0.0,0.0,3.0,3.0,0.0,0.0,0.0,0.0,6,6,0,0,0,0,528009009075282,,,,,,,,,,,,,,,,,,
144,1.0,1.0,0.0,0.0,0.0,0.0,1.0,0.0,1.0,0.0,0.0,0.0,3,1,1,0,1,0,528009010049417,1.0,0.0,0.0,0.0,1.0,0.0,,,,,,,,,,,,
145,1.0,1.0,0.0,0.0,0.0,0.0,1.0,1.0,0.0,0.0,0.0,0.0,3,2,0,0,1,0,528009010049107,1.0,0.0,0.0,0.0,1.0,0.0,,,,,,,,,,,,
146,1.0,1.0,0.0,0.0,0.0,0.0,1.0,1.0,0.0,0.0,0.0,0.0,2,2,0,0,0,0,528009010044975,,,,,,,,,,,,,,,,,,
147,2.0,2.0,0.0,0.0,0.0,0.0,2.0,2.0,0.0,0.0,0.0,0.0,6,5,1,0,0,0,528009009072160,2.0,1.0,1.0,0.0,0.0,0.0,,,,,,,,,,,,
148,8.0,0.0,0.0,0.0,8.0,0.0,8.0,0.0,0.0,0.0,8.0,0.0,16,0,0,0,16,0,528009010111967,,,,,,,,,,,,,,,,,,
149,1.0,1.0,0.0,0.0,0.0,0.0,1.0,1.0,0.0,0.0,0.0,0.0,2,2,0,0,0,0,528009010109913,,,,,,,,,,,,,,,,,,
150,,,,,,,2.0,1.0,1.0,0.0,0.0,0.0,2,1,1,0,0,0,528009010105676,,,,,,,,,,,,,,,,,,
151,2.0,2.0,0.0,0.0,0.0,0.0,4.0,4.0,0.0,0.0,0.0,0.0,6,6,0,0,0,0,528009009103312,,,,,,,,,,,,,,,,,,
152,1.0,0.0,0.0,0.0,0.0,1.0,1.0,0.0,0.0,0.0,0.0,1.0,2,0,0,0,0,2,528009010057842,,,,,,,,,,,,,,,,,,
153,1.0,1.0,0.0,0.0,0.0,0.0,1.0,1.0,0.0,0.0,0.0,0.0,3,3,0,0,0,0,528009009087107,1.0,1.0,0.0,0.0,0.0,0.0,,,,,,,,,,,,
154,1.0,0.0,0.0,0.0,0.0,1.0,1.0,1.0,0.0,0.0,0.0,0.0,3,1,0,0,1,1,528009010046046,1.0,0.0,0.0,0.0,1.0,0.0,,,,,,,,,,,,
155,2.0,2.0,0.0,0.0,0.0,0.0,2.0,1.0,1.0,0.0,0.0,0.0,6,3,1,0,2,0,528009010045122,2.0,0.0,0.0,0.0,2.0,0.0,,,,,,,,,,,,
156,1.0,1.0,0.0,0.0,0.0,0.0,6.0,4.0,1.0,0.0,1.0,0.0,8,6,1,0,1,0,528009010108912,1.0,1.0,0.0,0.0,0.0,0.0,,,,,,,,,,,,
157,3.0,3.0,0.0,0.0,0.0,0.0,7.0,6.0,1.0,0.0,0.0,0.0,10,9,1,0,0,0,528009010109630,,,,,,,,,,,,,,,,,,
158,1.0,1.0,0.0,0.0,0.0,0.0,4.0,3.0,1.0,0.0,0.0,0.0,5,4,1,0,0,0,528009010055744,,,,,,,,,,,,,,,,,,
159,,,,,,,6.0,1.0,0.0,0.0,5.0,0.0,6,1,0,0,5,0,528009010111403,,,,,,,,,,,,,,,,,,
160,2.0,2.0,0.0,0.0,0.0,0.0,4.0,2.0,2.0,0.0,0.0,0.0,6,4,2,0,0,0,528009010104054,,,,,,,,,,,,,,,,,,
161,2.0,0.0,0.0,0.0,2.0,0.0,2.0,0.0,0.0,0.0,2.0,0.0,4,0,0,0,4,0,528009010104635,,,,,,,,,,,,,,,,,,
162,2.0,1.0,1.0,0.0,0.0,0.0,6.0,5.0,1.0,0.0,0.0,0.0,8,6,2,0,0,0,528009010107484,,,,,,,,,,,,,,,,,,
163,1.0,0.0,0.0,0.0,1.0,0.0,1.0,0.0,0.0,0.0,1.0,0.0,2,0,0,0,2,0,528009010110333,,,,,,,,,,,,,,,,,,
164,1.0,1.0,0.0,0.0,0.0,0.0,1.0,1.0,0.0,0.0,0.0,0.0,3,2,0,0,1,0,528009010057340,1.0,0.0,0.0,0.0,1.0,0.0,,,,,,,,,,,,
165,1.0,1.0,0.0,0.0,0.0,0.0,1.0,1.0,0.0,0.0,0.0,0.0,3,2,0,0,1,0,528009010050175,1.0,0.0,0.0,0.0,1.0,0.0,,,,,,,,,,,,
166,1.0,1.0,0.0,0.0,0.0,0.0,3.0,1.0,0.0,0.0,2.0,0.0,4,2,0,0,2,0,528009008553631,,,,,,,,,,,,,,,,,,
167,3.0,0.0,0.0,0.0,3.0,0.0,6.0,2.0,0.0,0.0,4.0,0.0,11,2,0,0,9,0,528009009078878,2.0,0.0,0.0,0.0,2.0,0.0,,,,,,,,,,,,
168,2.0,0.0,0.0,0.0,2.0,0.0,4.0,0.0,0.0,0.0,4.0,0.0,6,0,0,0,6,0,528009009107010,,,,,,,,,,,,,,,,,,
169,2.0,2.0,0.0,0.0,0.0,0.0,2.0,1.0,1.0,0.0,0.0,0.0,4,3,1,0,0,0,528009010109000,,,,,,,,,,,,,,,,,,
170,4.0,0.0,0.0,0.0,4.0,0.0,4.0,0.0,0.0,0.0,4.0,0.0,8,0,0,0,8,0,528009010108040,,,,,,,,,,,,,,,,,,
171,1.0,1.0,0.0,0.0,0.0,0.0,1.0,1.0,0.0,0.0,0.0,0.0,3,2,0,0,1,0,528009010056519,1.0,0.0,0.0,0.0,1.0,0.0,,,,,,,,,,,,
172,,,,,,,2.0,2.0,0.0,0.0,0.0,0.0,2,2,0,0,0,0,528009010072729,,,,,,,,,,,,,,,,,,
173,,,,,,,4.0,3.0,1.0,0.0,0.0,0.0,4,3,1,0,0,0,528009009077771,,,,,,,,,,,,,,,,,,
174,4.0,3.0,1.0,0.0,0.0,0.0,8.0,5.0,3.0,0.0,0.0,0.0,13,9,4,0,0,0,528009009078901,1.0,1.0,0.0,0.0,0.0,0.0,,,,,,,,,,,,
175,2.0,0.0,0.0,0.0,2.0,0.0,2.0,0.0,0.0,0.0,2.0,0.0,4,0,0,0,4,0,528009010103824,,,,,,,,,,,,,,,,,,
176,2.0,2.0,0.0,0.0,0.0,0.0,4.0,4.0,0.0,0.0,0.0,0.0,6,6,0,0,0,0,528009010069431,,,,,,,,,,,,,,,,,,
177,2.0,2.0,0.0,0.0,0.0,0.0,2.0,2.0,0.0,0.0,0.0,0.0,4,4,0,0,0,0,528009010110491,,,,,,,,,,,,,,,,,,
178,2.0,1.0,1.0,0.0,0.0,0.0,4.0,3.0,1.0,0.0,0.0,0.0,6,4,2,0,0,0,528009010111646,,,,,,,,,,,,,,,,,,
179,2.0,1.0,0.0,0.0,1.0,0.0,2.0,1.0,0.0,0.0,1.0,0.0,4,2,0,0,2,0,528009010051452,,,,,,,,,,,,,,,,,,
180,1.0,0.0,1.0,0.0,0.0,0.0,1.0,0.0,1.0,0.0,0.0,0.0,3,1,2,0,0,0,528008000012804,1.0,1.0,0.0,0.0,0.0,0.0,,,,,,,,,,,,
181,3.0,3.0,0.0,0.0,0.0,0.0,8.0,6.0,2.0,0.0,0.0,0.0,11,9,2,0,0,0,528009010071428,,,,,,,,,,,,,,,,,,
182,3.0,3.0,0.0,0.0,0.0,0.0,6.0,5.0,1.0,0.0,0.0,0.0,11,10,1,0,0,0,528009009096225,2.0,2.0,0.0,0.0,0.0,0.0,,,,,,,,,,,,
183,1.0,1.0,0.0,0.0,0.0,0.0,1.0,1.0,0.0,0.0,0.0,0.0,3,2,0,0,1,0,528009010040359,1.0,0.0,0.0,0.0,1.0,0.0,,,,,,,,,,,,
184,1.0,1.0,0.0,0.0,0.0,0.0,1.0,1.0,0.0,0.0,0.0,0.0,3,2,0,0,1,0,528009010048399,1.0,0.0,0.0,0.0,1.0,0.0,,,,,,,,,,,,
185,1.0,0.0,0.0,0.0,1.0,0.0,1.0,0.0,0.0,0.0,1.0,0.0,3,0,0,0,3,0,528009009078050,1.0,0.0,0.0,0.0,1.0,0.0,,,,,,,,,,,,
186,3.0,0.0,0.0,0.0,3.0,0.0,8.0,0.0,0.0,0.0,8.0,0.0,11,0,0,0,11,0,528009010112591,,,,,,,,,,,,,,,,,,
187,1.0,1.0,0.0,0.0,0.0,0.0,1.0,0.0,1.0,0.0,0.0,0.0,3,1,1,0,1,0,528009010065903,1.0,0.0,0.0,0.0,1.0,0.0,,,,,,,,,,,,
188,2.0,2.0,0.0,0.0,0.0,0.0,4.0,4.0,0.0,0.0,0.0,0.0,6,6,0,0,0,0,528009010107828,,,,,,,,,,,,,,,,,,
189,8.0,8.0,0.0,0.0,0.0,0.0,8.0,8.0,0.0,0.0,0.0,0.0,16,16,0,0,0,0,528009010112848,,,,,,,,,,,,,,,,,,
190,,,,,,,2.0,0.0,0.0,0.0,0.0,2.0,2,0,0,0,0,2,528009010109240,,,,,,,,,,,,,,,,,,
191,8.0,8.0,0.0,0.0,0.0,0.0,8.0,8.0,0.0,0.0,0.0,0.0,16,16,0,0,0,0,528009010104959,,,,,,,,,,,,,,,,,,
192,1.0,1.0,0.0,0.0,0.0,0.0,1.0,1.0,0.0,0.0,0.0,0.0,3,2,0,0,1,0,528009010105580,1.0,0.0,0.0,0.0,1.0,0.0,,,,,,,,,,,,
193,1.0,1.0,0.0,0.0,0.0,0.0,1.0,1.0,0.0,0.0,0.0,0.0,3,2,1,0,0,0,528009009086102,1.0,0.0,1.0,0.0,0.0,0.0,,,,,,,,,,,,
194,,,,,,,3.0,2.0,1.0,0.0,0.0,0.0,3,2,1,0,0,0,528009009084983,,,,,,,,,,,,,,,,,,
195,,,,,,,,,,,,,2,2,0,0,0,0,528009010065809,,,,,,,2.0,2.0,0.0,0.0,0.0,0.0,,,,,,
196,1.0,1.0,0.0,0.0,0.0,0.0,1.0,1.0,0.0,0.0,0.0,0.0,2,2,0,0,0,0,528009010074332,,,,,,,,,,,,,,,,,,
197,2.0,1.0,1.0,0.0,0.0,0.0,4.0,3.0,1.0,0.0,0.0,0.0,6,4,2,0,0,0,528009010056662,,,,,,,,,,,,,,,,,,
198,2.0,1.0,0.0,0.0,0.0,1.0,2.0,1.0,0.0,0.0,0.0,1.0,4,2,0,0,0,2,528009010065691,,,,,,,,,,,,,,,,,,
199,1.0,1.0,0.0,0.0,0.0,0.0,1.0,1.0,0.0,0.0,0.0,0.0,3,2,0,0,1,0,528009010110904,1.0,0.0,0.0,0.0,1.0,0.0,,,,,,,,,,,,
200,2.0,2.0,0.0,0.0,0.0,0.0,2.0,1.0,1.0,0.0,0.0,0.0,4,3,1,0,0,0,528009010076272,,,,,,,,,,,,,,,,,,
201,1.0,1.0,0.0,0.0,0.0,0.0,1.0,1.0,0.0,0.0,0.0,0.0,3,3,0,0,0,0,528009009085685,1.0,1.0,0.0,0.0,0.0,0.0,,,,,,,,,,,,
202,2.0,2.0,0.0,0.0,0.0,0.0,6.0,4.0,2.0,0.0,0.0,0.0,8,6,2,0,0,0,528009010043622,,,,,,,,,,,,,,,,,,
203,2.0,2.0,0.0,0.0,0.0,0.0,6.0,6.0,0.0,0.0,0.0,0.0,9,9,0,0,0,0,528009009077886,1.0,1.0,0.0,0.0,0.0,0.0,,,,,,,,,,,,
204,,,,,,,2.0,1.0,1.0,0.0,0.0,0.0,2,1,1,0,0,0,528009010066439,,,,,,,,,,,,,,,,,,
205,2.0,1.0,1.0,0.0,0.0,0.0,4.0,2.0,2.0,0.0,0.0,0.0,6,3,3,0,0,0,528009010112902,,,,,,,,,,,,,,,,,,
206,2.0,2.0,0.0,0.0,0.0,0.0,4.0,3.0,1.0,0.0,0.0,0.0,6,5,1,0,0,0,528009010109678,,,,,,,,,,,,,,,,,,
207,2.0,2.0,0.0,0.0,0.0,0.0,2.0,2.0,0.0,0.0,0.0,0.0,4,4,0,0,0,0,528009010057627,,,,,,,,,,,,,,,,,,
208,1.0,1.0,0.0,0.0,0.0,0.0,1.0,1.0,0.0,0.0,0.0,0.0,2,2,0,0,0,0,528009010047535,,,,,,,,,,,,,,,,,,
209,1.0,0.0,1.0,0.0,0.0,0.0,1.0,0.0,1.0,0.0,0.0,0.0,3,0,2,0,1,0,528009009079540,1.0,0.0,0.0,0.0,1.0,0.0,,,,,,,,,,,,
210,2.0,1.0,1.0,0.0,0.0,0.0,4.0,3.0,1.0,0.0,0.0,0.0,6,4,2,0,0,0,528009010055861,,,,,,,,,,,,,,,,,,
211,1.0,1.0,0.0,0.0,0.0,0.0,1.0,1.0,0.0,0.0,0.0,0.0,3,2,0,0,1,0,528009010043750,1.0,0.0,0.0,0.0,1.0,0.0,,,,,,,,,,,,
212,2.0,2.0,0.0,0.0,0.0,0.0,5.0,3.0,2.0,0.0,0.0,0.0,7,5,2,0,0,0,528009010111087,,,,,,,,,,,,,,,,,,
213,1.0,1.0,0.0,0.0,0.0,0.0,1.0,0.0,1.0,0.0,0.0,0.0,3,1,1,0,1,0,528009010044785,1.0,0.0,0.0,0.0,1.0,0.0,,,,,,,,,,,,
214,,,,,,,,,,,,,1,1,0,0,0,0,528009010042976,,,,,,,1.0,1.0,0.0,0.0,0.0,0.0,,,,,,
215,1.0,1.0,0.0,0.0,0.0,0.0,1.0,0.0,1.0,0.0,0.0,0.0,3,1,1,0,1,0,528009010111882,1.0,0.0,0.0,0.0,1.0,0.0,,,,,,,,,,,,
216,2.0,0.0,0.0,0.0,2.0,0.0,2.0,0.0,0.0,0.0,2.0,0.0,4,0,0,0,4,0,528009010105912,,,,,,,,,,,,,,,,,,
217,1.0,1.0,0.0,0.0,0.0,0.0,4.0,3.0,1.0,0.0,0.0,0.0,6,5,1,0,0,0,528009010110563,1.0,1.0,0.0,0.0,0.0,0.0,,,,,,,,,,,,
218,1.0,1.0,0.0,0.0,0.0,0.0,1.0,1.0,0.0,0.0,0.0,0.0,3,2,0,0,1,0,528009009082512,1.0,0.0,0.0,0.0,1.0,0.0,,,,,,,,,,,,
219,2.0,2.0,0.0,0.0,0.0,0.0,4.0,4.0,0.0,0.0,0.0,0.0,6,6,0,0,0,0,528009010106627,,,,,,,,,,,,,,,,,,
220,4.0,4.0,0.0,0.0,0.0,0.0,4.0,4.0,0.0,0.0,0.0,0.0,8,8,0,0,0,0,528009010110005,,,,,,,,,,,,,,,,,,
221,,,,,,,1.0,0.0,1.0,0.0,0.0,0.0,1,0,1,0,0,0,528009009073067,,,,,,,,,,,,,,,,,,
222,1.0,1.0,0.0,0.0,0.0,0.0,1.0,1.0,0.0,0.0,0.0,0.0,3,2,0,0,1,0,528009010040770,1.0,0.0,0.0,0.0,1.0,0.0,,,,,,,,,,,,
223,1.0,1.0,0.0,0.0,0.0,0.0,1.0,1.0,0.0,0.0,0.0,0.0,3,2,0,0,1,0,528009010042632,1.0,0.0,0.0,0.0,1.0,0.0,,,,,,,,,,,,
224,1.0,1.0,0.0,0.0,0.0,0.0,4.0,3.0,0.0,0.0,1.0,0.0,5,4,0,0,1,0,528009010104640,,,,,,,,,,,,,,,,,,
225,2.0,0.0,0.0,0.0,2.0,0.0,2.0,0.0,0.0,0.0,2.0,0.0,4,0,0,0,4,0,528009010110531,,,,,,,,,,,,,,,,,,
226,2.0,2.0,0.0,0.0,0.0,0.0,4.0,4.0,0.0,0.0,0.0,0.0,6,6,0,0,0,0,528009009093137,,,,,,,,,,,,,,,,,,
227,1.0,1.0,0.0,0.0,0.0,0.0,1.0,1.0,0.0,0.0,0.0,0.0,3,2,0,0,1,0,528009010044969,1.0,0.0,0.0,0.0,1.0,0.0,,,,,,,,,,,,
228,2.0,2.0,0.0,0.0,0.0,0.0,4.0,4.0,0.0,0.0,0.0,0.0,6,6,0,0,0,0,528009010070730,,,,,,,,,,,,,,,,,,
229,1.0,1.0,0.0,0.0,0.0,0.0,4.0,3.0,1.0,0.0,0.0,0.0,5,4,1,0,0,0,528009010108015,,,,,,,,,,,,,,,,,,
230,1.0,1.0,0.0,0.0,0.0,0.0,1.0,1.0,0.0,0.0,0.0,0.0,3,2,0,0,1,0,528009010048451,1.0,0.0,0.0,0.0,1.0,0.0,,,,,,,,,,,,
231,1.0,1.0,0.0,0.0,0.0,0.0,1.0,0.0,1.0,0.0,0.0,0.0,3,1,1,0,1,0,528009010040549,1.0,0.0,0.0,0.0,1.0,0.0,,,,,,,,,,,,
232,2.0,2.0,0.0,0.0,0.0,0.0,6.0,6.0,0.0,0.0,0.0,0.0,8,8,0,0,0,0,528008000014377,,,,,,,,,,,,,,,,,,
233,1.0,1.0,0.0,0.0,0.0,0.0,1.0,1.0,0.0,0.0,0.0,0.0,3,2,0,0,1,0,528009010108738,1.0,0.0,0.0,0.0,1.0,0.0,,,,,,,,,,,,
234,,,,,,,3.0,2.0,0.0,0.0,1.0,0.0,3,2,0,0,1,0,528009010067806,,,,,,,,,,,,,,,,,,
235,2.0,0.0,2.0,0.0,0.0,0.0,6.0,0.0,6.0,0.0,0.0,0.0,8,0,8,0,0,0,528009010070013,,,,,,,,,,,,,,,,,,
236,4.0,4.0,0.0,0.0,0.0,0.0,4.0,4.0,0.0,0.0,0.0,0.0,8,8,0,0,0,0,528009010110168,,,,,,,,,,,,,,,,,,
237,1.0,1.0,0.0,0.0,0.0,0.0,1.0,0.0,1.0,0.0,0.0,0.0,3,1,1,0,1,0,528009010042941,1.0,0.0,0.0,0.0,1.0,0.0,,,,,,,,,,,,
238,,,,,,,2.0,2.0,0.0,0.0,0.0,0.0,2,2,0,0,0,0,528009009105189,,,,,,,,,,,,,,,,,,
239,1.0,0.0,1.0,0.0,0.0,0.0,2.0,1.0,1.0,0.0,0.0,0.0,3,1,2,0,0,0,528009010065035,,,,,,,,,,,,,,,,,,
240,1.0,1.0,0.0,0.0,0.0,0.0,1.0,1.0,0.0,0.0,0.0,0.0,3,2,0,0,1,0,528009010069194,1.0,0.0,0.0,0.0,1.0,0.0,,,,,,,,,,,,
241,1.0,1.0,0.0,0.0,0.0,0.0,1.0,0.0,1.0,0.0,0.0,0.0,3,1,1,0,1,0,528009010043364,1.0,0.0,0.0,0.0,1.0,0.0,,,,,,,,,,,,
242,1.0,0.0,0.0,0.0,0.0,1.0,1.0,1.0,0.0,0.0,0.0,0.0,2,1,0,0,0,1,528009009102754,,,,,,,,,,,,,,,,,,
243,4.0,0.0,0.0,0.0,4.0,0.0,4.0,0.0,0.0,0.0,4.0,0.0,8,0,0,0,8,0,528009010103720,,,,,,,,,,,,,,,,,,
244,4.0,4.0,0.0,0.0,0.0,0.0,4.0,4.0,0.0,0.0,0.0,0.0,8,8,0,0,0,0,528009010112796,,,,,,,,,,,,,,,,,,
245,2.0,2.0,0.0,0.0,0.0,0.0,4.0,3.0,1.0,0.0,0.0,0.0,6,5,1,0,0,0,528009009078980,,,,,,,,,,,,,,,,,,
246,1.0,0.0,1.0,0.0,0.0,0.0,1.0,0.0,1.0,0.0,0.0,0.0,3,1,2,0,0,0,528009002417101,1.0,1.0,0.0,0.0,0.0,0.0,,,,,,,,,,,,
247,,,,,,,,,,,,,1,0,1,0,0,0,528008000030914,,,,,,,1.0,0.0,1.0,0.0,0.0,0.0,,,,,,
248,1.0,0.0,0.0,0.0,1.0,0.0,1.0,0.0,0.0,0.0,1.0,0.0,3,0,0,0,3,0,528009009076316,1.0,0.0,0.0,0.0,1.0,0.0,,,,,,,,,,,,
249,8.0,8.0,0.0,0.0,0.0,0.0,8.0,8.0,0.0,0.0,0.0,0.0,16,16,0,0,0,0,528009010104611,,,,,,,,,,,,,,,,,,
250,8.0,0.0,0.0,0.0,8.0,0.0,8.0,0.0,0.0,0.0,8.0,0.0,16,0,0,0,16,0,528009010105866,,,,,,,,,,,,,,,,,,
251,1.0,0.0,1.0,0.0,0.0,0.0,1.0,0.0,1.0,0.0,0.0,0.0,3,0,2,0,0,1,528009009071999,1.0,0.0,0.0,0.0,0.0,1.0,,,,,,,,,,,,
252,,,,,,,2.0,2.0,0.0,0.0,0.0,0.0,2,2,0,0,0,0,528009009094646,,,,,,,,,,,,,,,,,,
253,4.0,1.0,0.0,0.0,3.0,0.0,4.0,1.0,1.0,0.0,2.0,0.0,8,2,1,0,5,0,528009010112305,,,,,,,,,,,,,,,,,,
254,2.0,2.0,0.0,0.0,0.0,0.0,8.0,6.0,2.0,0.0,0.0,0.0,10,8,2,0,0,0,528009010068278,,,,,,,,,,,,,,,,,,
255,,,,,,,2.0,2.0,0.0,0.0,0.0,0.0,2,2,0,0,0,0,528009010065870,,,,,,,,,,,,,,,,,,
256,2.0,2.0,0.0,0.0,0.0,0.0,5.0,5.0,0.0,0.0,0.0,0.0,7,7,0,0,0,0,528009009077643,,,,,,,,,,,,,,,,,,
257,1.0,1.0,0.0,0.0,0.0,0.0,2.0,2.0,0.0,0.0,0.0,0.0,3,3,0,0,0,0,528009010065711,,,,,,,,,,,,,,,,,,
258,3.0,3.0,0.0,0.0,0.0,0.0,8.0,5.0,3.0,0.0,0.0,0.0,11,8,3,0,0,0,528009009076446,,,,,,,,,,,,,,,,,,
259,2.0,1.0,1.0,0.0,0.0,0.0,8.0,7.0,1.0,0.0,0.0,0.0,10,8,2,0,0,0,528009010111867,,,,,,,,,,,,,,,,,,
260,2.0,0.0,0.0,0.0,2.0,0.0,6.0,4.0,0.0,0.0,2.0,0.0,8,4,0,0,4,0,528009010105558,,,,,,,,,,,,,,,,,,
261,1.0,1.0,0.0,0.0,0.0,0.0,1.0,1.0,0.0,0.0,0.0,0.0,3,3,0,0,0,0,528008000014308,1.0,1.0,0.0,0.0,0.0,0.0,,,,,,,,,,,,
262,,,,,,,2.0,2.0,0.0,0.0,0.0,0.0,2,2,0,0,0,0,528009009078229,,,,,,,,,,,,,,,,,,
263,1.0,1.0,0.0,0.0,0.0,0.0,1.0,1.0,0.0,0.0,0.0,0.0,3,2,0,0,1,0,528009010071121,1.0,0.0,0.0,0.0,1.0,0.0,,,,,,,,,,,,
264,1.0,1.0,0.0,0.0,0.0,0.0,1.0,0.0,1.0,0.0,0.0,0.0,3,1,1,0,1,0,528009010042671,1.0,0.0,0.0,0.0,1.0,0.0,,,,,,,,,,,,
265,2.0,1.0,1.0,0.0,0.0,0.0,4.0,3.0,1.0,0.0,0.0,0.0,6,4,2,0,0,0,528009009087991,,,,,,,,,,,,,,,,,,
266,8.0,0.0,0.0,0.0,8.0,0.0,8.0,0.0,0.0,0.0,8.0,0.0,16,0,0,0,16,0,528009010104007,,,,,,,,,,,,,,,,,,
267,1.0,1.0,0.0,0.0,0.0,0.0,1.0,1.0,0.0,0.0,0.0,0.0,3,2,0,0,1,0,528009010042398,1.0,0.0,0.0,0.0,1.0,0.0,,,,,,,,,,,,
268,1.0,1.0,0.0,0.0,0.0,0.0,1.0,1.0,0.0,0.0,0.0,0.0,3,2,0,0,1,0,528009010110607,1.0,0.0,0.0,0.0,1.0,0.0,,,,,,,,,,,,
269,2.0,2.0,0.0,0.0,0.0,0.0,4.0,3.0,1.0,0.0,0.0,0.0,6,5,1,0,0,0,528009010110733,,,,,,,,,,,,,,,,,,
270,1.0,1.0,0.0,0.0,0.0,0.0,1.0,0.0,1.0,0.0,0.0,0.0,3,1,1,0,1,0,528009010110009,1.0,0.0,0.0,0.0,1.0,0.0,,,,,,,,,,,,
271,1.0,0.0,0.0,0.0,1.0,0.0,4.0,0.0,0.0,0.0,4.0,0.0,5,0,0,0,5,0,528009009090803,,,,,,,,,,,,,,,,,,
272,3.0,1.0,0.0,0.0,2.0,0.0,6.0,4.0,0.0,0.0,2.0,0.0,10,5,0,0,5,0,528009009076261,1.0,0.0,0.0,0.0,1.0,0.0,,,,,,,,,,,,
273,1.0,1.0,0.0,0.0,0.0,0.0,1.0,1.0,0.0,0.0,0.0,0.0,3,2,0,0,1,0,528009010070785,1.0,0.0,0.0,0.0,1.0,0.0,,,,,,,,,,,,
274,2.0,1.0,1.0,0.0,0.0,0.0,2.0,1.0,1.0,0.0,0.0,0.0,6,3,3,0,0,0,528009009095896,2.0,1.0,1.0,0.0,0.0,0.0,,,,,,,,,,,,
275,1.0,1.0,0.0,0.0,0.0,0.0,1.0,1.0,0.0,0.0,0.0,0.0,3,2,0,0,1,0,528009009081785,1.0,0.0,0.0,0.0,1.0,0.0,,,,,,,,,,,,
276,2.0,1.0,1.0,0.0,0.0,0.0,4.0,3.0,1.0,0.0,0.0,0.0,6,4,2,0,0,0,528009010104402,,,,,,,,,,,,,,,,,,
277,1.0,1.0,0.0,0.0,0.0,0.0,4.0,2.0,2.0,0.0,0.0,0.0,6,4,2,0,0,0,528009010110346,1.0,1.0,0.0,0.0,0.0,0.0,,,,,,,,,,,,
278,3.0,2.0,1.0,0.0,0.0,0.0,6.0,3.0,3.0,0.0,0.0,0.0,11,7,4,0,0,0,528009010104494,2.0,2.0,0.0,0.0,0.0,0.0,,,,,,,,,,,,
279,1.0,1.0,0.0,0.0,0.0,0.0,1.0,1.0,0.0,0.0,0.0,0.0,3,2,0,0,1,0,528009010041467,1.0,0.0,0.0,0.0,1.0,0.0,,,,,,,,,,,,
280,1.0,1.0,0.0,0.0,0.0,0.0,1.0,1.0,0.0,0.0,0.0,0.0,2,2,0,0,0,0,528009010064394,,,,,,,,,,,,,,,,,,
281,2.0,1.0,1.0,0.0,0.0,0.0,4.0,2.0,2.0,0.0,0.0,0.0,6,3,3,0,0,0,528009010106879,,,,,,,,,,,,,,,,,,
282,2.0,2.0,0.0,0.0,0.0,0.0,6.0,6.0,0.0,0.0,0.0,0.0,8,8,0,0,0,0,528009010107877,,,,,,,,,,,,,,,,,,
283,8.0,8.0,0.0,0.0,0.0,0.0,8.0,8.0,0.0,0.0,0.0,0.0,16,16,0,0,0,0,528009010112024,,,,,,,,,,,,,,,,,,
284,1.0,0.0,1.0,0.0,0.0,0.0,1.0,0.0,1.0,0.0,0.0,0.0,3,0,2,0,1,0,528009009107766,1.0,0.0,0.0,0.0,1.0,0.0,,,,,,,,,,,,
285,1.0,1.0,0.0,0.0,0.0,0.0,1.0,0.0,1.0,0.0,0.0,0.0,2,1,1,0,0,0,528009010104383,,,,,,,,,,,,,,,,,,
286,3.0,3.0,0.0,0.0,0.0,0.0,6.0,6.0,0.0,0.0,0.0,0.0,11,11,0,0,0,0,528009010112612,2.0,2.0,0.0,0.0,0.0,0.0,,,,,,,,,,,,
287,,,,,,,13.0,0.0,2.0,0.0,11.0,0.0,13,0,2,0,11,0,528009010068941,,,,,,,,,,,,,,,,,,
288,1.0,1.0,0.0,0.0,0.0,0.0,1.0,1.0,0.0,0.0,0.0,0.0,2,2,0,0,0,0,528009010066731,,,,,,,,,,,,,,,,,,
289,1.0,1.0,0.0,0.0,0.0,0.0,1.0,1.0,0.0,0.0,0.0,0.0,3,2,0,0,1,0,528009010043772,1.0,0.0,0.0,0.0,1.0,0.0,,,,,,,,,,,,
290,1.0,0.0,1.0,0.0,0.0,0.0,4.0,3.0,1.0,0.0,0.0,0.0,5,3,2,0,0,0,528009010106949,,,,,,,,,,,,,,,,,,
291,1.0,1.0,0.0,0.0,0.0,0.0,,,,,,,1,1,0,0,0,0,528009010106197,,,,,,,,,,,,,,,,,,
292,2.0,2.0,0.0,0.0,0.0,0.0,2.0,2.0,0.0,0.0,0.0,0.0,6,6,0,0,0,0,528009010105549,2.0,2.0,0.0,0.0,0.0,0.0,,,,,,,,,,,,
293,2.0,1.0,1.0,0.0,0.0,0.0,4.0,3.0,1.0,0.0,0.0,0.0,6,4,2,0,0,0,528009010111774,,,,,,,,,,,,,,,,,,
294,4.0,4.0,0.0,0.0,0.0,0.0,4.0,4.0,0.0,0.0,0.0,0.0,8,8,0,0,0,0,528009010110738,,,,,,,,,,,,,,,,,,
295,,,,,,,,,,,,,1,1,0,0,0,0,528009010043411,,,,,,,1.0,1.0,0.0,0.0,0.0,0.0,,,,,,
296,2.0,2.0,0.0,0.0,0.0,0.0,6.0,4.0,2.0,0.0,0.0,0.0,8,6,2,0,0,0,528009009084629,,,,,,,,,,,,,,,,,,
297,3.0,2.0,1.0,0.0,0.0,0.0,6.0,3.0,3.0,0.0,0.0,0.0,11,7,4,0,0,0,528008000015587,2.0,2.0,0.0,0.0,0.0,0.0,,,,,,,,,,,,
298,1.0,1.0,0.0,0.0,0.0,0.0,1.0,0.0,1.0,0.0,0.0,0.0,3,1,1,0,1,0,528009010048498,1.0,0.0,0.0,0.0,1.0,0.0,,,,,,,,,,,,
299,,,,,,,2.0,1.0,1.0,0.0,0.0,0.0,2,1,1,0,0,0,528009010064111,,,,,,,,,,,,,,,,,,
300,3.0,3.0,0.0,0.0,0.0,0.0,6.0,5.0,1.0,0.0,0.0,0.0,11,10,1,0,0,0,528009010070331,2.0,2.0,0.0,0.0,0.0,0.0,,,,,,,,,,,,
301,,,,,,,6.0,6.0,0.0,0.0,0.0,0.0,6,6,0,0,0,0,528009010071434,,,,,,,,,,,,,,,,,,
302,,,,,,,2.0,1.0,1.0,0.0,0.0,0.0,2,1,1,0,0,0,528009010067525,,,,,,,,,,,,,,,,,,
303,2.0,0.0,0.0,0.0,2.0,0.0,,,,,,,2,0,0,0,2,0,528009010045230,,,,,,,,,,,,,,,,,,
304,,,,,,,2.0,2.0,0.0,0.0,0.0,0.0,2,2,0,0,0,0,528009010073398,,,,,,,,,,,,,,,,,,
305,2.0,0.0,0.0,0.0,2.0,0.0,6.0,3.0,0.0,0.0,3.0,0.0,8,3,0,0,5,0,528009009095955,,,,,,,,,,,,,,,,,,
306,4.0,4.0,0.0,0.0,0.0,0.0,4.0,4.0,0.0,0.0,0.0,0.0,8,8,0,0,0,0,528009010106001,,,,,,,,,,,,,,,,,,
307,2.0,0.0,0.0,0.0,2.0,0.0,,,,,,,2,0,0,0,2,0,528009010041202,,,,,,,,,,,,,,,,,,
308,1.0,1.0,0.0,0.0,0.0,0.0,1.0,1.0,0.0,0.0,0.0,0.0,3,2,0,0,1,0,528009010045782,1.0,0.0,0.0,0.0,1.0,0.0,,,,,,,,,,,,
309,,,,,,,1.0,1.0,0.0,0.0,0.0,0.0,1,1,0,0,0,0,528009010050882,,,,,,,,,,,,,,,,,,
310,,,,,,,,,,,,,1,0,0,0,1,0,528009009084992,1.0,0.0,0.0,0.0,1.0,0.0,,,,,,,,,,,,
311,1.0,1.0,0.0,0.0,0.0,0.0,1.0,1.0,0.0,0.0,0.0,0.0,3,2,0,0,1,0,528009010040936,1.0,0.0,0.0,0.0,1.0,0.0,,,,,,,,,,,,
312,1.0,1.0,0.0,0.0,0.0,0.0,1.0,1.0,0.0,0.0,0.0,0.0,3,2,1,0,0,0,528009010069669,1.0,0.0,1.0,0.0,0.0,0.0,,,,,,,,,,,,
313,1.0,1.0,0.0,0.0,0.0,0.0,1.0,0.0,1.0,0.0,0.0,0.0,3,1,1,0,1,0,528009010042234,1.0,0.0,0.0,0.0,1.0,0.0,,,,,,,,,,,,
314,4.0,4.0,0.0,0.0,0.0,0.0,8.0,7.0,1.0,0.0,0.0,0.0,14,13,1,0,0,0,528009009087047,2.0,2.0,0.0,0.0,0.0,0.0,,,,,,,,,,,,
315,2.0,2.0,0.0,0.0,0.0,0.0,6.0,4.0,2.0,0.0,0.0,0.0,8,6,2,0,0,0,528009010066958,,,,,,,,,,,,,,,,,,
316,,,,,,,2.0,2.0,0.0,0.0,0.0,0.0,2,2,0,0,0,0,528009010108298,,,,,,,,,,,,,,,,,,
317,2.0,1.0,1.0,0.0,0.0,0.0,4.0,3.0,1.0,0.0,0.0,0.0,6,4,2,0,0,0,528009010105730,,,,,,,,,,,,,,,,,,
318,4.0,0.0,0.0,0.0,4.0,0.0,4.0,0.0,0.0,0.0,4.0,0.0,8,0,0,0,8,0,528009010110398,,,,,,,,,,,,,,,,,,
319,1.0,0.0,1.0,0.0,0.0,0.0,1.0,1.0,0.0,0.0,0.0,0.0,3,2,1,0,0,0,528009010040726,,,,,,,1.0,1.0,0.0,0.0,0.0,0.0,,,,,,
320,2.0,2.0,0.0,0.0,0.0,0.0,4.0,4.0,0.0,0.0,0.0,0.0,6,6,0,0,0,0,528009010108909,,,,,,,,,,,,,,,,,,
321,2.0,0.0,2.0,0.0,0.0,0.0,2.0,0.0,2.0,0.0,0.0,0.0,6,0,6,0,0,0,528009010112627,2.0,0.0,2.0,0.0,0.0,0.0,,,,,,,,,,,,
322,2.0,0.0,0.0,0.0,2.0,0.0,2.0,0.0,0.0,0.0,2.0,0.0,4,0,0,0,4,0,528009010107180,,,,,,,,,,,,,,,,,,
323,1.0,0.0,0.0,0.0,1.0,0.0,1.0,0.0,0.0,0.0,1.0,0.0,3,0,0,0,3,0,528009009078999,1.0,0.0,0.0,0.0,1.0,0.0,,,,,,,,,,,,
324,1.0,1.0,0.0,0.0,0.0,0.0,1.0,1.0,0.0,0.0,0.0,0.0,3,2,0,0,1,0,528009010042143,1.0,0.0,0.0,0.0,1.0,0.0,,,,,,,,,,,,
325,2.0,2.0,0.0,0.0,0.0,0.0,2.0,2.0,0.0,0.0,0.0,0.0,6,6,0,0,0,0,528009010108225,2.0,2.0,0.0,0.0,0.0,0.0,,,,,,,,,,,,
326,4.0,4.0,0.0,0.0,0.0,0.0,4.0,4.0,0.0,0.0,0.0,0.0,8,8,0,0,0,0,528009010110974,,,,,,,,,,,,,,,,,,
327,1.0,1.0,0.0,0.0,0.0,0.0,1.0,0.0,1.0,0.0,0.0,0.0,3,1,1,0,1,0,528009010040552,1.0,0.0,0.0,0.0,1.0,0.0,,,,,,,,,,,,
